{
  "type": "minecraft:gift",
  "pools": [
    {
      "rolls": 1,
      "bonus_rolls": 0,
      "entries": [
        {
          "type": "minecraft:item",
          "name": "minecraft:torchflower_seeds"
        },
        {
          "type": "minecraft:item",
          "name": "minecraft:pitcher_pod"
        }
      ]
    },
    {
      "rolls": 1,
      "entries": [
        {
          "type": "minecraft:item",
          "name": "minecraft:snort_pottery_sherd",
          "functions": [
            {
              "function": "minecraft:set_name",
              "name": {
                "translate": "item.minecraft.smithing_template",
                "color": "white",
                "italic": false
              }
            },
            {
              "function": "minecraft:set_nbt",
              "tag": "{CustomModelData:2052416}"
            },
            {
              "function": "minecraft:set_lore",
              "lore": [
                {
                  "translate": "trim_pattern.trimsexpanded.verdant",
                  "color": "gray",
                  "italic": false
                },
                {
                  "text": " "
                },
                {
                  "translate": "item.minecraft.smithing_template.applies_to",
                  "color": "gray",
                  "italic": false
                },
                {
                  "translate": "item.minecraft.smithing_template.armor_trim.applies_to",
                  "color": "blue",
                  "italic": false
                },
                {
                  "translate": "item.minecraft.smithing_template.ingredients",
                  "color": "gray",
                  "italic": false
                },
                {
                  "translate": "item.minecraft.smithing_template.armor_trim.ingredients",
                  "color": "blue",
                  "italic": false
                }
              ]
            }
          ]
        }
      ],
      "conditions": [
        {
          "condition": "minecraft:random_chance",
          "chance": 0.1
        }
      ]
    }
  ],
  "random_sequence": "minecraft:gameplay/sniffer_digging"
}
